benchmark_ConstraintDomains_v0.2.5_common,36c9068f-2e67-410b-b8bb-d57c1b476f62
benchmark_ConstraintDomains_v0.3.0_common,36c9068f-2e67-410b-b8bb-d57c1b476f62
benchmark_ConstraintDomains_v0.3.10_common,36c9068f-2e67-410b-b8bb-d57c1b476f62
chairmark_ConstraintDomains_v0.2.5_common,36c9068f-2e67-410b-b8bb-d57c1b476f62
chairmark_ConstraintDomains_v0.3.0_common,36c9068f-2e67-410b-b8bb-d57c1b476f62
chairmark_ConstraintDomains_v0.3.10_common,36c9068f-2e67-410b-b8bb-d57c1b476f62
benchmark_ConstraintDomains_v0.2.5_continuous,36c9068f-2e67-410b-b8bb-d57c1b476f62
benchmark_ConstraintDomains_v0.3.0_continuous,36c9068f-2e67-410b-b8bb-d57c1b476f62
benchmark_ConstraintDomains_v0.3.10_continuous,36c9068f-2e67-410b-b8bb-d57c1b476f62
chairmark_ConstraintDomains_v0.2.5_continuous,36c9068f-2e67-410b-b8bb-d57c1b476f62
chairmark_ConstraintDomains_v0.3.0_continuous,36c9068f-2e67-410b-b8bb-d57c1b476f62
chairmark_ConstraintDomains_v0.3.10_continuous,36c9068f-2e67-410b-b8bb-d57c1b476f62
benchmark_ConstraintDomains_v0.2.5_discrete,36c9068f-2e67-410b-b8bb-d57c1b476f62
benchmark_ConstraintDomains_v0.3.0_discrete,36c9068f-2e67-410b-b8bb-d57c1b476f62
benchmark_ConstraintDomains_v0.3.10_discrete,36c9068f-2e67-410b-b8bb-d57c1b476f62
chairmark_ConstraintDomains_v0.2.5_discrete,36c9068f-2e67-410b-b8bb-d57c1b476f62
chairmark_ConstraintDomains_v0.3.0_discrete,36c9068f-2e67-410b-b8bb-d57c1b476f62
chairmark_ConstraintDomains_v0.3.10_discrete,36c9068f-2e67-410b-b8bb-d57c1b476f62
benchmark_ConstraintDomains_v0.3.1_explore,36c9068f-2e67-410b-b8bb-d57c1b476f62
benchmark_ConstraintDomains_v0.3.10_explore,36c9068f-2e67-410b-b8bb-d57c1b476f62
chairmark_ConstraintDomains_v0.3.1_explore,36c9068f-2e67-410b-b8bb-d57c1b476f62
chairmark_ConstraintDomains_v0.3.10_explore,36c9068f-2e67-410b-b8bb-d57c1b476f62
